power	class	level
Ability as One	Tactician	8
Ablative Armor	Psychic Warrior	2
Absorb Dorje	Cryptic	1
Absorb Dorje	Dread	1
Absorb Dorje	Genesis	1
Absorb Dorje	Gifted	1
Absorb Dorje	Highlord	1
Absorb Dorje	Psychic Warrior	1
Absorb Dorje	Thug	1
Absorb Dorje	Vitalist	1
Absorb Weapon	Cryptic	1
Absorb Weapon	Psychic Warrior	1
Absorb Weapon	Thug	1
Accelerant	Cryptic	1
Accelerant	Dread	1
Accelerant	Psion	1
Accelerant	Thug	1
Accelerant	Wilder	1
Accelerate Body	Cryptic	2
Accelerate Body	Psion	2
Accelerate Body	Thug	2
Accelerate Body	Vitalist	2
Accelerate Body	Wilder	2
Accelerated Entropy	Conduit	1
Accelerated Entropy	Cryptic	1
Accelerated Entropy	Dread	1
Accelerated Entropy	Thug	1
Adapt Body	Cryptic	5
Adapt Body	Empath	5
Adapt Body	Psion	5
Adapt Body	Wilder	5
Adapt Body	Psychic Warrior	5
Adapt Body	Tactician	5
Adapt Body	Vitalist	5
Affinity Field	Psion	9
Affinity Field	Wilder	9
Affinity Field	Tactician	9
Affinity Field	Vitalist	9
Alienation	Tactician	4
Alienation	Telepath	4
Anchored Navigation	Seer	4
Anchored Navigation	Sighted Seeker	4
Anchored Navigation	Empath	4
Animal Affinity, Lanis's	Cryptic	2
Animal Affinity, Lanis's	Egoist	2
Animal Affinity, Lanis's	Empath	2
Animal Affinity, Lanis's	Gambler	2
Animal Affinity, Lanis's	Psychic Warrior	2
Animal Affinity, Lanis's	Thug	2
Animal Affinity, Lanis's	Vitalist	2
Animus Overload	Gifted Blade	1
Animus Overload	Psion	1
Animus Overload	Psychic Warrior	1
Animus Overload	Tactician	1
Animus Overload	Wilder	1
Apathetic Aura	Cryptic	2
Apathetic Aura	Psion	2
Apathetic Aura	Thug	2
Apathetic Aura	Wilder	2
Apopsi	Psion	9
Apopsi	Wilder	9
Arcanix Spellsieve	Highlord	2
Arcanix Spellsieve	Psion	2
Arcanix Spellsieve	Tactician	2
Arcanix Spellsieve	Vitalist	2
Arcanix Spellsieve	Wilder	2
Ardent Legion, T'Nail's	Tactician	9
Ardent Legion, T'Nail's	Vitalist	9
Armageddon	Kineticist	9
Assign Imperative	Telepath	6
Assimilate	Psion	9
Assimilate	Wilder	9
Assimilate	Tactician	9
Assimilate	Vitalist	9
Astral Caravan	Empath	3
Astral Caravan	Nomad	3
Astral Construct	Empath	1
Astral Construct	Shaper	1
Astral Seed	Shaper	8
Astral Traveler	Empath	1
Astral Traveler	Gambler	1
Astral Traveler	Gifted Blade	1
Astral Traveler	Marksman	1
Astral Traveler	Psion	1
Astral Traveler	Psychic Warrior	1
Astral Traveler	Thug	1
Astral Traveler	Voyager	1
Astral Traveler	Wilder	1
Attraction	Empath	1
Attraction	Gambler	1
Attraction	Psion	1
Attraction	Wilder	1
Augured Answer	Empath	4
Augured Answer	Psion	4
Augured Answer	Sighted Seeker	4
Augured Answer	Wilder	4
Augured Answer	Voyager	4
Aura Alteration	Cryptic	6
Aura Alteration	Empath	6
Aura Alteration	Psion	6
Aura Alteration	Wilder	6
Aura Alteration	Vitalist	6
Aura Sight	Dread	4
Aura Sight	Empath	4
Aura Sight	Gambler	4
Aura Sight	Marksman	4
Aura Sight	Psion	4
Aura Sight	Sighted Seeker	4
Aura Sight	Thug	4
Aura Sight	Voyager	4
Aura Sight	Wilder	4
Aura of Decay	Psion	4
Aura of Decay	Wilder	4
Aura of Decay	Vitalist	4
Autolingua	Conduit	6
Autorecall	Psion	1
Autorecall	Wilder	1
Aversion	Empath	2
Aversion	Telepath	2
Awestrike	Dread	6
Awestrike	Psion	7
Awestrike	Wilder	7
Awestrike	Tactician	7
Backlash	Psychic Warrior	4
Backlash	Voyager	4
Baleful Decoy	Psion	6
Baleful Decoy	Wilder	6
Baleful Mind Trap of Surtr	Psion	3
Baleful Mind Trap of Surtr	Wilder	3
Baleful Teleport, Kolbjorn's	Gambler	5
Baleful Teleport, Kolbjorn's	Nomad	5
Baleful Teleport, Kolbjorn's	Voyager	5
Banish	Gambler	6
Banish	Nomad	6
Banshee's Hearing	Dread	2
Banshee's Hearing	Psion	3
Banshee's Hearing	Thug	2
Banshee's Hearing	Wilder	3
Barrage	Marksman	4
Barrage	Psychic Warrior	5
Barrage	Voyager	5
Barred Mind, Personal	Cryptic	6
Barred Mind, Personal	Dread	6
Barred Mind, Personal	Empath	6
Barred Mind, Personal	Psion	7
Barred Mind, Personal	Psychic Warrior	6
Barred Mind, Personal	Tactician	7
Barred Mind, Personal	Vitalist	7
Barred Mind, Personal	Voyager	6
Barred Mind, Personal	Wilder	7
Barred Mind	Psion	8
Barred Mind	Wilder	8
Barred Mind	Tactician	8
Barred Mind	Vitalist	8
Bastion	Psion	2
Bastion	Vitalist	2
Bastion	Wilder	2
Battle Transformation, Galen's	Empath	4
Battle Transformation, Galen's	Psychic Warrior	4
Battle Transformation, Galen's	Tactician	4
Battlesense	Empath	3
Battlesense	Tactician	3
Battlesense	Telepath	3
Battlesense	Vitalist	3
Beckoning	Seer	1
Bend Reality	Psion	7
Bend Reality	Wilder	7
Bend Reality	Tactician	7
Bend Reality	Vitalist	7
Bestow Blade	Gifted Blade	1
Bestow Power	Psion	2
Bestow Power	Wilder	2
Bind Flesh to Soul	Conduit	6
Bind Flesh to Soul	Tactician	6
Binding of the Flesh	Conduit	4
Biofeedback	Dread	1
Biofeedback	Empath	1
Biofeedback	Gambler	2
Biofeedback	Gifted Blade	1
Biofeedback	Psion	2
Biofeedback	Psychic Warrior	1
Biofeedback	Thug	1
Biofeedback	Vitalist	1
Biofeedback	Wilder	2
Biokinetic Endurance	Psion	3
Biokinetic Endurance	Wilder	3
Biokinetic Endurance	Psychic Warrior	3
Bioluminescence	Cryptic	0
Bioluminescence	Gambler	0
Bioluminescence	Psion	0
Bioluminescence	Thug	0
Bioluminescence	Wilder	0
Bite of the Wolf, Karak's	Psychic Warrior	1
Biting Cold	Psychic Warrior	5
Blackest Shade	Psion	2
Blackest Shade	Wilder	2
Blackest Shade	Tactician	2
Blanketing Assault	Marksman	2
Blinding Flash	Empath	0
Blinding Flash	Gambler	0
Blinding Flash	Psion	0
Blinding Flash	Psychic Warrior	0
Blinding Flash	Sighted Seeker	1
Blinding Flash	Thug	0
Blinding Flash	Wilder	0
Blinding Shot	Marksman	2
Bloodfountain	Dread	2
Bloodfountain	Psion	2
Bloodfountain	Thug	2
Bloodfountain	Wilder	2
Body Adjustment	Cryptic	2
Body Adjustment	Gifted Blade	2
Body Adjustment	Marksman	2
Body Adjustment	Psion	3
Body Adjustment	Psychic Warrior	2
Body Adjustment	Thug	2
Body Adjustment	Vitalist	2
Body Adjustment	Voyager	2
Body Adjustment	Wilder	3
Body Equilibrium	Cryptic	2
Body Equilibrium	Gambler	2
Body Equilibrium	Gifted Blade	2
Body Equilibrium	Marksman	2
Body Equilibrium	Psion	2
Body Equilibrium	Psychic Warrior	2
Body Equilibrium	Thug	2
Body Equilibrium	Vitalist	2
Body Equilibrium	Voyager	2
Body Equilibrium	Wilder	2
Body Purification	Cryptic	2
Body Purification	Empath	2
Body Purification	Gifted Blade	2
Body Purification	Marksman	2
Body Purification	Psion	3
Body Purification	Psychic Warrior	2
Body Purification	Thug	2
Body Purification	Vitalist	2
Body Purification	Wilder	3
Body Slam	Dread	2
Body Slam	Psion	2
Body Slam	Thug	2
Body Slam	Wilder	2
Body of Iron	Psion	8
Body of Iron	Wilder	8
Body of Iron	Psychic Warrior	6
Body of Iron	Vitalist	8
Bolt	Marksman	1
Bolt	Psion	1
Bolt	Thug	1
Bolt	Wilder	1
Bond of Death	Conduit	2
Bonding Strike	Cryptic	5
Bonding Strike	Psychic Warrior	5
Bore	Cryptic	2
Bore	Seer	2
Bore	Thug	2
Borrowed Future Self	Seer	3
Both Feet in the Grave	Conduit	9
Brain Lock	Telepath	2
Breach	Cryptic	2
Breach	Gambler	2
Breach	Psion	2
Breach	Thug	2
Breach	Voyager	2
Breach	Wilder	2
Breath of Thanatos	Dread	1
Breath of Thanatos	Psion	2
Breath of Thanatos	Thug	1
Breath of Thanatos	Wilder	2
Breath of the Black Dragon	Gambler	6
Breath of the Black Dragon	Psion	6
Breath of the Black Dragon	Psychic Warrior	6
Breath of the Black Dragon	Wilder	6
Bring Forth the Soul	Conduit	2
Broker	Psion	1
Broker	Wilder	1
Brutalize Wounds	Gambler	6
Brutalize Wounds	Psion	6
Brutalize Wounds	Psychic Warrior	6
Brutalize Wounds	Tactician	6
Brutalize Wounds	Vitalist	6
Brutalize Wounds	Wilder	6
Bullet Time	Cryptic	1
Bullet Time	Highlord	1
Bullet Time	Marksman	1
Bullet Time	Tactician	1
Bullet Time	Thug	1
Burst	Gifted Blade	1
Burst	Marksman	1
Burst	Nomad	1
Burst	Psychic Warrior	1
Burst	Sighted Seeker	1
Burst	Thug	1
Burst	Voyager	1
Call Weaponry	Gifted Blade	1
Call Weaponry	Psychic Warrior	1
Call Weaponry	Sighted Seeker	1
Call to Mind, Lanis's	Cryptic	1
Call to Mind, Lanis's	Psion	1
Call to Mind, Lanis's	Sighted Seeker	1
Call to Mind, Lanis's	Tactician	1
Call to Mind, Lanis's	Thug	1
Call to Mind, Lanis's	Wilder	1
Call to Mind, Lanis's	Voyager	1
Captivity Bond	Dread	2
Captivity Bond	Cryptic	2
Captivity Bond	Highlord	3
Captivity Bond	Marksman	2
Captivity Bond	Psion	3
Captivity Bond	Tactician	3
Captivity Bond	Thug	2
Captivity Bond	Vitalist	3
Captivity Bond	Wilder	3
Caring Hands	Highlord	1
Catapsi	Psion	5
Catapsi	Wilder	5
Catapsi	Psychic Warrior	5
Catapsi	Tactician	5
Catfall	Gambler	1
Catfall	Marksman	1
Catfall	Psion	1
Catfall	Psychic Warrior	1
Catfall	Thug	1
Catfall	Wilder	1
Catfall	Voyager	1
Caustic Retribution	Dread	3
Caustic Retribution	Psion	3
Caustic Retribution	Psychic Warrior	3
Caustic Retribution	Thug	3
Caustic Retribution	Vitalist	3
Caustic Retribution	Wilder	3
Caustic Transfusion	Dread	3
Caustic Transfusion	Psion	3
Caustic Transfusion	Thug	3
Caustic Transfusion	Vitalist	3
Caustic Transfusion	Wilder	3
Chameleon	Cryptic	1
Chameleon	Egoist	2
Chameleon	Gifted Blade	1
Chameleon	Marksman	1
Chameleon	Psychic Warrior	1
Chameleon	Sighted Seeker	1
Chameleon	Thug	1
Chameleon	Voyager	1
Charge Psychic Strike	Gifted Blade	1
Charge Weapon	Highlord	3
Charge Weapon	Kineticist	3
Charge Weapon	Psychic Warrior	3
Charge Weapon	Tactician	3
Circumstance Shield	Gambler	1
Circumstance Shield	Psion	1
Circumstance Shield	Psychic Warrior	1
Circumstance Shield	Sighted Seeker	1
Circumstance Shield	Tactician	1
Circumstance Shield	Voyager	1
Circumstance Shield	Wilder	1
Clairtangent Hand	Empath	5
Clairtangent Hand	Seer	5
Clairtangent Hand	Voyager	1
Clairvoyant Sense, Dyne's	Seer	2
Clairvoyant Sense, Dyne's	Sighted Seeker	2
Claw of Energy	Psychic Warrior	4
Claws of the Beast	Psychic Warrior	1
Claws of the Vampire, Hexelyan's	Psychic Warrior	3
Cleanse Body	Psion	2
Cleanse Body	Wilder	2
Cleanse Body	Vitalist	2
Cleanse Spirit	Egoist	6
Cleanse Spirit	Vitalist	6
Cloned Twin	Egoist	3
Cloned Twin	Psion	4
Cloned Twin	Wilder	4
Cloned Twin	Psychic Warrior	3
Cloned Twin	Vitalist	4
Cloud Mind	Cryptic	2
Cloud Mind	Empath	2
Cloud Mind	Gambler	2
Cloud Mind	Gifted Blade	2
Cloud Mind	Marksman	2
Cloud Mind	Psion	2
Cloud Mind	Thug	2
Cloud Mind	Wilder	2
Cloud Mind	Voyager	2
Clutching the Shroud	Cryptic	2
Clutching the Shroud	Empath	2
Clutching the Shroud	Psion	2
Clutching the Shroud	Thug	2
Clutching the Shroud	Wilder	2
Co-opt Concentration	Gambler	6
Co-opt Concentration	Psion	6
Co-opt Concentration	Tactician	6
Co-opt Concentration	Wilder	6
Cold of the Grave	Gifted Blade	3
Cold of the Grave	Psion	4
Cold of the Grave	Wilder	4
Cold of the Grave	Psychic Warrior	3
Collapse	Gambler	1
Collapse	Vitalist	1
Collateral Damage	Marksman	4
Common Idea	Psion	3
Common Idea	Wilder	3
Common Idea	Tactician	3
Compelling Voice, Naija's	Telepath	2
Compression	Empath	1
Compression	Psychic Warrior	1
Compression	Sighted Seeker	1
Conceal Thoughts	Cryptic	0
Conceal Thoughts	Dread	0
Conceal Thoughts	Empath	0
Conceal Thoughts	Gambler	0
Conceal Thoughts	Gifted Blade	1
Conceal Thoughts	Marksman	0
Conceal Thoughts	Psion	0
Conceal Thoughts	Psychic Warrior	0
Conceal Thoughts	Tactician	0
Conceal Thoughts	Thug	0
Conceal Thoughts	Voyager	0
Conceal Thoughts	Wilder	0
Concealing Amorpha, Greater	Cryptic	3
Concealing Amorpha, Greater	Gifted Blade	3
Concealing Amorpha, Greater	Marksman	3
Concealing Amorpha, Greater	Psychic Warrior	3
Concealing Amorpha, Greater	Shaper	3
Concealing Amorpha, Greater	Thug	3
Concealing Amorpha, Greater	Voyager	3
Concealing Amorpha	Cryptic	2
Concealing Amorpha	Dread	2
Concealing Amorpha	Gambler	2
Concealing Amorpha	Gifted Blade	2
Concealing Amorpha	Marksman	2
Concealing Amorpha	Psion	2
Concealing Amorpha	Psychic Warrior	2
Concealing Amorpha	Thug	2
Concealing Amorpha	Voyager	2
Concealing Amorpha	Wilder	2
Concussion Blast	Gambler	2
Concussion Blast	Psion	2
Concussion Blast	Wilder	2
Concussive Onslaught	Empath	3
Concussive Onslaught	Gambler	3
Concussive Onslaught	Psion	3
Concussive Onslaught	Wilder	3
Continental Strength	Psychic Warrior	3
Continental Strength	Tactician	3
Control Air	Kineticist	2
Control Air	Marksman	3
Control Body	Empath	4
Control Body	Gambler	4
Control Body	Kineticist	4
Control Flames, Izam's	Gambler	1
Control Flames, Izam's	Psion	1
Control Flames, Izam's	Wilder	1
Control Light	Gambler	1
Control Light	Psion	1
Control Light	Wilder	1
Control Object	Gambler	1
Control Object	Kineticist	1
Control Sound	Cryptic	2
Control Sound	Gambler	2
Control Sound	Psion	2
Control Sound	Thug	2
Control Sound	Wilder	2
Control	Cryptic	2
Control	Dread	2
Control	Psion	2
Control	Thug	2
Control	Wilder	2
Coordinate as One	Empath	2
Coordinate as One	Tactician	2
Corporeal Haunt	Dread	3
Corporeal Haunt	Psion	4
Corporeal Haunt	Thug	3
Corporeal Haunt	Wilder	4
Corpsewalk	Conduit	2
Correspond	Psion	4
Correspond	Wilder	4
Correspond	Tactician	4
Corrosive Aura	Egoist	1
Corrosive Aura	Psychic Warrior	1
Cosmic Awareness	Cryptic	6
Cosmic Awareness	Psion	7
Cosmic Awareness	Wilder	7
Cosmic Awareness	Tactician	7
Cosmic Awareness	Voyager	6
Cosmic Perspective	Seer	7
Cosmic Perspective	Tactician	7
Create Sound	Cryptic	0
Create Sound	Dread	0
Create Sound	Gambler	0
Create Sound	Psion	0
Create Sound	Thug	0
Create Sound	Wilder	0
Crisis of Breath, Kozak's	Telepath	3
Crisis of Breath, Kozak's	Vitalist	3
Crisis of Life	Telepath	7
Crisis of Life	Vitalist	7
Crystal Bulwark	Psion	1
Crystal Bulwark	Tactician	1
Crystal Bulwark	Wilder	1
Crystal Fist	Psion	1
Crystal Fist	Wilder	1
Crystal Fist	Tactician	1
Crystal Light	Empath	0
Crystal Light	Gambler	0
Crystal Light	Psion	0
Crystal Light	Wilder	0
Crystal Shard	Gambler	1
Crystal Shard	Psion	1
Crystal Shard	Wilder	1
Crystal Tunneling	Psion	3
Crystal Tunneling	Wilder	3
Crystal Tunneling	Tactician	3
Crystalize Blood	Psion	5
Crystalize Blood	Wilder	5
Crystalline Aura, Kyria's	Psion	4
Crystalline Aura, Kyria's	Wilder	4
Crystalline Aura, Kyria's	Psychic Warrior	4
Crystalline Bonds	Shaper	4
Crystallize, Ruelle's	Gambler	6
Crystallize, Ruelle's	Shaper	6
Danger Sense	Cryptic	3
Danger Sense	Marksman	3
Danger Sense	Psion	3
Danger Sense	Psychic Warrior	3
Danger Sense	Sighted Seeker	3
Danger Sense	Tactician	3
Danger Sense	Thug	3
Danger Sense	Vitalist	3
Danger Sense	Voyager	3
Danger Sense	Wilder	3
Dazzle	Vitalist	0
Dazzling Swordplay	Psychic Warrior	1
Dazzling Swordplay	Voyager	1
Dead Hand	Cryptic	2
Dead Hand	Marksman	2
Dead Hand	Psion	2
Dead Hand	Thug	2
Dead Hand	Psychic Warrior	2
Dead Hand	Wilder	2
Deaden Attack	Gifted Blade	1
Deaden Attack	Marksman	1
Deaden Attack	Psychic Warrior	1
Deaden Attack	Thug	1
Deadly Fear	Dread	4
Deadly Fear	Gambler	4
Deadly Fear	Psion	4
Deadly Fear	Thug	4
Deadly Fear	Wilder	4
Death Pact (power)	Conduit	6
Death Urge, Blackstock's	Empath	4
Death Urge, Blackstock's	Gambler	4
Death Urge, Blackstock's	Psion	4
Death Urge, Blackstock's	Wilder	4
Deathbond	Conduit	3
Deathless Form	Psion	4
Deathless Form	Wilder	4
Deathless Form	Tactician	4
Deathless Form	Vitalist	4
Deceleration	Gambler	1
Deceleration	Psion	1
Deceleration	Voyager	1
Deceleration	Wilder	1
Decerebrate	Psion	7
Decerebrate	Wilder	7
Defer Fatality	Psion	6
Defer Fatality	Wilder	6
Defer Fatality	Psychic Warrior	6
Defer Fatality	Vitalist	6
Defer Fatality	Voyager	6
Deflect Missiles	Marksman	1
Deflect Missiles	Thug	1
Deflect	Dread	2
Deflect	Marksman	2
Deflect	Psychic Warrior	2
Deflect	Thug	2
Deflect	Voyager	2
Defy Gravity	Cryptic	2
Defy Gravity	Gambler	2
Defy Gravity	Gifted Blade	2
Defy Gravity	Marksman	2
Defy Gravity	Psion	2
Defy Gravity	Psychic Warrior	2
Defy Gravity	Thug	2
Defy Gravity	Voyager	2
Defy Gravity	Wilder	2
Delayed Response	Nomad	3
Delayed Response	Tactician	3
Delayed Response	Voyager	3
Demoralize	Dread	1
Demoralize	Gambler	1
Demoralize	Psion	1
Demoralize	Thug	1
Demoralize	Wilder	1
Destiny Dissonance	Gambler	1
Destiny Dissonance	Seer	1
Destiny Dissonance	Sighted Seeker	1
Destiny Dissonance	Voyager	1
Detect Akasha	All	All classes 0
Detect Compulsion	Psion	1
Detect Compulsion	Wilder	1
Detect Compulsion	Vitalist	1
Detect Hostile Intent	Cryptic	2
Detect Hostile Intent	Gambler	2
Detect Hostile Intent	Gifted Blade	2
Detect Hostile Intent	Marksman	2
Detect Hostile Intent	Psion	2
Detect Hostile Intent	Psychic Warrior	2
Detect Hostile Intent	Tactician	2
Detect Hostile Intent	Thug	2
Detect Hostile Intent	Voyager	2
Detect Hostile Intent	Wilder	2
Detect Psionics	Cryptic	0
Detect Psionics	Dread	0
Detect Psionics	Empath	0
Detect Psionics	Gambler	0
Detect Psionics	Gifted Blade	1
Detect Psionics	Marksman	0
Detect Psionics	Psion	0
Detect Psionics	Psychic Warrior	0
Detect Psionics	Sighted Seeker	1
Detect Psionics	Tactician	0
Detect Psionics	Thug	0
Detect Psionics	Vitalist	0
Detect Psionics	Voyager	0
Detect Psionics	Wilder	0
Detect Remote Viewing	Gambler	4
Detect Remote Viewing	Psion	4
Detect Remote Viewing	Sighted Seeker	4
Detect Remote Viewing	Voyager	4
Detect Remote Viewing	Wilder	4
Detect Teleportation	Nomad	1
Detect Teleportation	Sighted Seeker	1
Detect Teleportation	Voyager	1
Dimension Slide	Empath	4
Dimension Slide	Gambler	3
Dimension Slide	Gifted Blade	3
Dimension Slide	Marksman	3
Dimension Slide	Psychic Warrior	3
Dimension Slide	Thug	3
Dimension Slide	Voyager	3
Dimension Swap	Empath	2
Dimension Swap	Gifted Blade	2
Dimension Swap	Nomad	2
Dimension Swap	Psychic Warrior	2
Dimension Swap	Tactician	2
Dimension Swap	Voyager	2
Dirt Nap	Cryptic	2
Dirt Nap	Psion	2
Dirt Nap	Thug	2
Dirt Nap	Wilder	2
Disable	Gambler	1
Disable	Psion	1
Disable	Wilder	1
Disintegration	Gambler	6
Disintegration	Psion	6
Disintegration	Wilder	6
Dismiss Ectoplasm	Gambler	3
Dismiss Ectoplasm	Psion	3
Dismiss Ectoplasm	Wilder	3
Dispatch	Dread	3
Dispatch	Psychic Warrior	3
Dispatch	Thug	3
Dispatch	Voyager	3
Dispel Psionics	Cryptic	3
Dispel Psionics	Empath	3
Dispel Psionics	Gambler	3
Dispel Psionics	Psion	3
Dispel Psionics	Thug	3
Dispel Psionics	Vitalist	3
Dispel Psionics	Voyager	3
Dispel Psionics	Wilder	3
Dispelling Buffer	Gambler	6
Dispelling Buffer	Kineticist	6
Dispelling Buffer	Psychic Warrior	6
Dispelling Buffer	Tactician	6
Dispelling Buffer	Voyager	6
Disrupting Strikes	Cryptic	4
Disruption	Cryptic	3
Disruption	Dread	3
Disruption	Psion	3
Disruption	Tactician	3
Disruption	Thug	3
Disruption	Wilder	3
Disruptive Touch	Empath	0
Disruptive Touch	Vitalist	0
Dissipating Touch	Gambler	6
Dissipating Touch	Psion	1
Dissipating Touch	Wilder	1
Dissipating Touch	Psychic Warrior	1
Dissipating Touch	Voyager	6
Dissolving Touch	Psychic Warrior	2
Dissolving Weapon	Gifted Blade	2
Dissolving Weapon	Marksman	2
Dissolving Weapon	Psychic Warrior	2
Dissolving Weapon	Thug	2
Distract	Cryptic	0
Distract	Dread	0
Distract	Empath	0
Distract	Gambler	0
Distract	Gifted Blade	1
Distract	Marksman	0
Distract	Psion	0
Distract	Wilder	0
Distract	Psychic Warrior	0
Distract	Tactician	0
Distract	Thug	0
Distracting Strikes	Cryptic	2
Distracting Strikes	Psychic Warrior	2
Distracting Strikes	Thug	2
Distracting Strikes	Voyager	2
Divert Teleport	Psion	7
Divert Teleport	Wilder	7
Divert Teleport	Tactician	7
Doom Gem	Psion	4
Doom Gem	Wilder	4
Dream Message	Dread	5
Dream Message	Psion	5
Dream Message	Wilder	5
Dream Travel	Dread	6
Dream Travel	Nomad	7
Dream Travel	Voyager	6
Duodimensional Claw	Psychic Warrior	3
Déjà Vu	Cryptic	1
Déjà Vu	Empath	1
Déjà Vu	Gambler	1
Déjà Vu	Psion	1
Déjà Vu	Thug	1
Déjà Vu	Voyager	1
Déjà Vu	Wilder	1
Ecto Protection	Psion	1
Ecto Protection	Empath	1
Ecto Protection	Wilder	1
Ectoplasmic Carpet	Cryptic	3
Ectoplasmic Carpet	Psion	3
Ectoplasmic Carpet	Tactician	3
Ectoplasmic Carpet	Thug	3
Ectoplasmic Carpet	Wilder	3
Ectoplasmic Charged Armor	Cryptic	2
Ectoplasmic Charged Armor	Psion	2
Ectoplasmic Charged Armor	Psychic Warrior	2
Ectoplasmic Charged Armor	Thug	2
Ectoplasmic Charged Armor	Wilder	2
Ectoplasmic Cocoon, Mass	Shaper	7
Ectoplasmic Cocoon	Gambler	3
Ectoplasmic Cocoon	Shaper	3
Ectoplasmic Creation, Major	Empath	5
Ectoplasmic Creation, Major	Psion	5
Ectoplasmic Creation, Major	Wilder	5
Ectoplasmic Creation	Empath	1
Ectoplasmic Creation	Shaper	1
Ectoplasmic Form	Dread	3
Ectoplasmic Form	Egoist	3
Ectoplasmic Form	Psychic Warrior	3
Ectoplasmic Form	Thug	3
Ectoplasmic Form	Voyager	3
Ectoplasmic Grapnel, Syonique's	Cryptic	3
Ectoplasmic Grapnel, Syonique's	Empath	3
Ectoplasmic Grapnel, Syonique's	Gifted Blade	3
Ectoplasmic Grapnel, Syonique's	Marksman	3
Ectoplasmic Grapnel, Syonique's	Psychic Warrior	3
Ectoplasmic Grapnel, Syonique's	Tactician	3
Ectoplasmic Grapnel, Syonique's	Thug	3
Ectoplasmic Obelisk	Cryptic	2
Ectoplasmic Obelisk	Psion	2
Ectoplasmic Obelisk	Tactician	2
Ectoplasmic Obelisk	Thug	2
Ectoplasmic Obelisk	Wilder	2
Ectoplasmic Shambler	Gambler	5
Ectoplasmic Shambler	Psion	5
Ectoplasmic Shambler	Wilder	5
Ectoplasmic Sheen	Gambler	1
Ectoplasmic Sheen	Psion	1
Ectoplasmic Sheen	Wilder	1
Ectoplasmic Trinket	Cryptic	0
Ectoplasmic Trinket	Empath	0
Ectoplasmic Trinket	Gambler	0
Ectoplasmic Trinket	Marksman	0
Ectoplasmic Trinket	Psion	0
Ectoplasmic Trinket	Wilder	0
Ectoplasmic Trinket	Psychic Warrior	0
Ectoplasmic Trinket	Thug	0
Ectoplasmic Voyager	Dread	6
Ectoplasmic Voyager	Egoist	6
Ectoplasmic Voyager	Psychic Warrior	6
Ego Whip	Gambler	2
Ego Whip	Psion	2
Ego Whip	Wilder	2
Elfsight	Cryptic	1
Elfsight	Gifted Blade	1
Elfsight	Marksman	1
Elfsight	Psion	2
Elfsight	Psychic Warrior	1
Elfsight	Thug	1
Elfsight	Vitalist	1
Elfsight	Wilder	2
Elongate Extremities	Egoist	1
Elongate Extremities	Gifted Blade	1
Elongate Extremities	Psychic Warrior	1
Empathic Condition Relief	Empath	2
Empathic Condition Relief	Psion	2
Empathic Condition Relief	Wilder	2
Empathic Condition Relief	Vitalist	2
Empathic Connection	Empath	1
Empathic Connection	Telepath	1
Empathic Feedback	Gambler	4
Empathic Feedback	Gifted Blade	3
Empathic Feedback	Psion	4
Empathic Feedback	Wilder	4
Empathic Feedback	Psychic Warrior	3
Empathic Feedback	Tactician	4
Empathic Feedback	Vitalist	4
Empathic Transfer, Hostile	Empath	3
Empathic Transfer, Hostile	Gambler	3
Empathic Transfer, Hostile	Psychic Warrior	3
Empathic Transfer, Hostile	Tactician	3
Empathic Transfer, Hostile	Telepath	3
Empathic Transfer, Hostile	Vitalist	3
Empathic Transfer	Egoist	2
Empathic Transfer	Psychic Warrior	2
Empathic Transfer	Tactician	2
Empathic Transfer	Vitalist	2
Empathic Understanding	Cryptic	3
Empathic Understanding	Dread	3
Empathic Understanding	Psion	3
Empathic Understanding	Wilder	3
Empathic Understanding	Tactician	3
Empathic Understanding	Thug	3
Empathic Understanding	Vitalist	3
Empathy	Cryptic	0
Empathy	Dread	0
Empathy	Empath	0
Empathy	Gambler	0
Empathy	Psion	0
Empathy	Thug	0
Empathy	Wilder	0
Empowering Arcanix Aura	Highlord	2
Empowering Arcanix Aura	Psion	2
Empowering Arcanix Aura	Tactician	2
Empowering Arcanix Aura	Vitalist	2
Empowering Arcanix Aura	Wilder	2
Empty Mind	Empath	1
Empty Mind	Gifted Blade	1
Empty Mind	Psion	1
Empty Mind	Psychic Warrior	1
Empty Mind	Voyager	1
Empty Mind	Wilder	1
Endorphin Surge	Gifted Blade	2
Endorphin Surge	Psion	3
Endorphin Surge	Wilder	3
Endorphin Surge	Psychic Warrior	2
Endorphin Surge	Vitalist	3
Endorphin Surge	Voyager	5
Energy Adaptation, Specified	Cryptic	2
Energy Adaptation, Specified	Gambler	2
Energy Adaptation, Specified	Gifted Blade	2
Energy Adaptation, Specified	Marksman	3
Energy Adaptation, Specified	Psion	2
Energy Adaptation, Specified	Psychic Warrior	2
Energy Adaptation, Specified	Thug	2
Energy Adaptation, Specified	Vitalist	2
Energy Adaptation, Specified	Wilder	2
Energy Adaptation	Cryptic	4
Energy Adaptation	Empath	4
Energy Adaptation	Gambler	4
Energy Adaptation	Gifted Blade	4
Energy Adaptation	Psion	4
Energy Adaptation	Psychic Warrior	4
Energy Adaptation	Thug	4
Energy Adaptation	Vitalist	4
Energy Adaptation	Voyager	4
Energy Adaptation	Wilder	4
Energy Allergy	Cryptic	3
Energy Allergy	Dread	3
Energy Allergy	Psion	4
Energy Allergy	Thug	3
Energy Allergy	Wilder	4
Energy Ball	Empath	4
Energy Ball	Gambler	4
Energy Ball	Kineticist	4
Energy Bolt, Lanis's	Gambler	3
Energy Bolt, Lanis's	Psion	3
Energy Bolt, Lanis's	Wilder	3
Energy Burst	Gambler	3
Energy Burst	Psion	3
Energy Burst	Wilder	3
Energy Cone	Gambler	3
Energy Cone	Kineticist	3
Energy Conversion	Psion	7
Energy Conversion	Wilder	7
Energy Conversion	Vitalist	7
Energy Current	Gambler	5
Energy Current	Kineticist	5
Energy Dagger	Psion	1
Energy Dagger	Wilder	1
Energy Dagger	Psychic Warrior	1
Energy Missile	Gambler	2
Energy Missile	Kineticist	2
Energy Push	Gambler	2
Energy Push	Psion	2
Energy Push	Wilder	2
Energy Ray	Gambler	1
Energy Ray	Psion	1
Energy Ray	Wilder	1
Energy Retort	Gambler	3
Energy Retort	Psion	3
Energy Retort	Wilder	3
Energy Rings	Psion	3
Energy Rings	Wilder	3
Energy Splash	Empath	0
Energy Splash	Gambler	0
Energy Splash	Psion	0
Energy Splash	Wilder	0
Energy Stun	Gambler	2
Energy Stun	Psion	2
Energy Stun	Wilder	2
Energy Touch	Psion	1
Energy Touch	Psychic Warrior	1
Energy Touch	Wilder	1
Energy Wall	Gambler	3
Energy Wall	Psion	3
Energy Wall	Wilder	3
Energy Wave	Psion	7
Energy Wave	Wilder	7
Ensconce	Psion	7
Ensconce	Wilder	7
Entangling Cover	Marksman	2
Entangling Debris	Gambler	1
Entangling Debris	Psion	1
Entangling Debris	Wilder	1
Entangling Debris	Tactician	1
Entangling Ectoplasm	Gambler	1
Entangling Ectoplasm	Psion	1
Entangling Ectoplasm	Wilder	1
Entangling Ectoplasm	Tactician	1
Entangling Strike	Psychic Warrior	2
Ephemeral Binding	Conduit	5
Ephemeral Bolt	Marksman	2
Ephemeral Bolt	Psychic Warrior	2
Epidermal Fissure	Dread	2
Epidermal Fissure	Psion	2
Epidermal Fissure	Wilder	2
Epidermal Fissure	Psychic Warrior	2
Epidermal Fissure	Tactician	2
Epidermal Fissure	Thug	2
Epidermal Fissure	Vitalist	2
Eradicate Invisibility	Empath	3
Eradicate Invisibility	Gambler	3
Eradicate Invisibility	Psion	3
Eradicate Invisibility	Wilder	3
Escape Detection	Cryptic	3
Escape Detection	Empath	3
Escape Detection	Gifted Blade	3
Escape Detection	Marksman	3
Escape Detection	Psychic Warrior	3
Escape Detection	Seer	3
Escape Detection	Sighted Seeker	3
Escape Detection	Thug	3
Escape Detection	Voyager	3
Essence Defilement	All	All classes 1
Essence Infusion	All	All classes 1
Essence Theft	All	All classes 2
Essential Block	All	All classes 3
Ethereal Chain	Psion	5
Ethereal Chain	Wilder	5
Ethereal Form, Greater	Psion	9
Ethereal Form, Greater	Wilder	9
Ethereal Form	Nomad	7
Ethereal Passage	Cryptic	6
Ethereal Passage	Psion	7
Ethereal Passage	Wilder	7
Ethereal Passage	Voyager	6
Evade Burst	Cryptic	3
Evade Burst	Gifted Blade	3
Evade Burst	Marksman	4
Evade Burst	Psion	7
Evade Burst	Psychic Warrior	3
Evade Burst	Tactician	7
Evade Burst	Thug	3
Evade Burst	Vitalist	4
Evade Burst	Voyager	3
Evade Burst	Wilder	7
Everyman	Cryptic	2
Everyman	Psion	2
Everyman	Wilder	2
Everyman	Psychic Warrior	2
Everyman	Sighted Seeker	2
Everyman	Thug	2
Evolutive Protection	Psion	2
Evolutive Protection	Psychic Warrior	2
Evolutive Protection	Wilder	2
Ex Nihilo	Conduit	6
Ex Nihilo	Cryptic	5
Exhalation of the Black Dragon	Psychic Warrior	3
Expansion, Karak's	Empath	1
Expansion, Karak's	Gifted Blade	1
Expansion, Karak's	Psychic Warrior	1
Expose Weakness	Egoist	3
Expose Weakness	Psychic Warrior	3
Expose Weakness	Tactician	3
Expose Weakness	Voyager	3
Expulsion	Nomad	4
Expulsion	Voyager	4
False Future	Empath	2
False Future	Seer	2
False Future	Sighted Seeker	4
False Future	Tactician	2
False Future	Voyager	2
False Sensory Input, Complex	Telepath	5
False Sensory Input	Empath	3
False Sensory Input	Telepath	3
False Veil	Dread	1
False Veil	Psion	1
False Veil	Tactician	1
False Veil	Thug	1
False Veil	Wilder	1
Far Hand	Cryptic	0
Far Hand	Empath	0
Far Hand	Gambler	0
Far Hand	Marksman	0
Far Hand	Psion	0
Far Hand	Thug	0
Far Hand	Voyager	0
Far Hand	Wilder	0
Fast Evolution	Cryptic	3
Fast Evolution	Psion	3
Fast Evolution	Vitalist	3
Fast Evolution	Wilder	3
Fate Link	Seer	3
Fate Link	Sighted Seeker	3
Fate of One	Seer	7
Fear Cascade	Dread	4
Fear Cascade	Gambler	4
Fear Cascade	Telepath	4
Fear Cascade	Thug	4
Feast of the Dead	Psion	3
Feast of the Dead	Wilder	3
Feat Leech	Dread	2
Feat Leech	Gifted Blade	2
Feat Leech	Psion	2
Feat Leech	Psychic Warrior	2
Feat Leech	Sighted Seeker	2
Feat Leech	Tactician	2
Feat Leech	Thug	2
Feat Leech	Voyager	2
Feat Leech	Wilder	2
Feed to Oblivion	Conduit	8
Feet-Catcher	Psion	3
Feet-Catcher	Psychic Warrior	3
Feet-Catcher	Wilder	3
Fettering the Shade	Psion	3
Fettering the Shade	Wilder	3
Fiery Discorporation	Gambler	5
Fiery Discorporation	Kineticist	5
Find the Host	Psion	1
Find the Host	Wilder	1
Find the Host	Vitalist	1
Fission	Egoist	7
Flexible Trajectory	Marksman	3
Flexible Trajectory	Psychic Warrior	4
Flexible Trajectory	Voyager	3
Flight (power)	Empath	5
Flight (power)	Gambler	4
Flight (power)	Nomad	4
Flight (power)	Voyager	4
Float	Cryptic	0
Float	Empath	0
Float	Gambler	0
Float	Gifted Blade	1
Float	Marksman	0
Float	Psion	0
Float	Psychic Warrior	0
Float	Thug	0
Float	Wilder	0
Fold Space	Cryptic	4
Fold Space	Gambler	4
Fold Space	Gifted Blade	4
Fold Space	Psion	4
Fold Space	Psychic Warrior	4
Fold Space	Thug	4
Fold Space	Voyager	4
Fold Space	Wilder	4
Follow the Strands	Conduit	2
Follow the Strands	Psion	3
Follow the Strands	Wilder	3
Foot in the Grave	Psion	6
Foot in the Grave	Wilder	6
Force Screen	Gambler	1
Force Screen	Gifted Blade	1
Force Screen	Psion	1
Force Screen	Psychic Warrior	1
Force Screen	Wilder	1
Forgotten Knowledge	Psion	5
Forgotten Knowledge	Wilder	5
Form Astral Armor	Gifted Blade	3
Form Astral Armor	Psychic Warrior	3
Form of Doom, Zikopathik's	Dread	6
Form of Doom, Zikopathik's	Psychic Warrior	6
Fortify, Lesser	Cryptic	0
Fortify, Lesser	Dread	0
Fortify, Lesser	Empath	0
Fortify, Lesser	Gambler	0
Fortify, Lesser	Guardian	0
Fortify, Lesser	Psion	0
Fortify, Lesser	Psychic Warrior	0
Fortify, Lesser	Tactician	0
Fortify, Lesser	Thug	0
Fortify, Lesser	Wilder	0
Fortify	Cryptic	1
Fortify	Empath	1
Fortify	Gambler	1
Fortify	Gifted Blade	1
Fortify	Psion	1
Fortify	Psychic Warrior	1
Fortify	Thug	1
Fortify	Wilder	1
Foxhole	Gambler	1
Foxhole	Marksman	1
Foxhole	Psion	1
Foxhole	Psychic Warrior	1
Foxhole	Thug	1
Foxhole	Wilder	1
Fracture Pattern	Cryptic	3
Fracture Pattern	Psion	3
Fracture Pattern	Wilder	3
Fracture Pattern	Tactician	3
Fracture Pattern	Thug	3
Fracture Pattern	Vitalist	3
Freezing Sting	Psychic Warrior	2
Fuse Flesh	Gambler	6
Fuse Flesh	Psion	6
Fuse Flesh	Wilder	6
Fuse Flesh	Vitalist	6
Fusion	Egoist	8
Fusion	Tactician	9
Fusion	Vitalist	9
Gate of Avernus	Conduit	8
Genesis (power)	Shaper	6
Ghostly Possession	Dread	5
Ghostly Possession	Psion	5
Ghostly Possession	Wilder	5
Ghostslayer's Blade	Gifted Blade	3
Ghostslayer's Blade	Marksman	3
Ghostslayer's Blade	Psychic Warrior	4
Ghostward	Conduit	2
Gift of the Corpse	Conduit	4
Graft Armor	Empath	3
Graft Armor	Gifted Blade	3
Graft Armor	Psychic Warrior	3
Graft Weapon	Empath	3
Graft Weapon	Gifted Blade	3
Graft Weapon	Psychic Warrior	3
Gravitational Anchor	Marksman	3
Gravitational Anchor	Nomad	3
Gravitational Anchor	Thug	3
Gravitational Anchor	Voyager	3
Gravitational Well	Empath	2
Gravitational Well	Gambler	2
Gravitational Well	Marksman	2
Gravitational Well	Nomad	2
Gravitational Well	Thug	2
Gravitational Well	Voyager	2
Grip of Iron	Gifted Blade	1
Grip of Iron	Psychic Warrior	1
Grip of Iron	Sighted Seeker	1
Guarded Sleep	Dread	3
Guarded Sleep	Psion	3
Guarded Sleep	Sighted Seeker	3
Guarded Sleep	Thug	3
Guarded Sleep	Vitalist	3
Guarded Sleep	Wilder	3
Guidance of the Ancestors	Conduit	1
Guidance of the Ancestors	Cryptic	1
Guidance of the Ancestors	Empath	1
Guidance of the Ancestors	Psychic Warrior	1
Guidance of the Ancestors	Thug	1
Guide the Willing	Dread	2
Guide the Willing	Empath	1
Guide the Willing	Psion	1
Guide the Willing	Thug	2
Guide the Willing	Wilder	1
Hail of Crystals, Anselm's	Gambler	5
Hail of Crystals, Anselm's	Shaper	5
Hallucinations	Dread	1
Hallucinations	Telepath	1
Hallucinations	Thug	1
Halt Combat	Tactician	8
Halt Death	Empath	1
Halt Death	Mender	0
Halt	Kineticist	5
Hammer	Gambler	1
Hammer	Psion	1
Hammer	Psychic Warrior	1
Hammer	Wilder	1
Harmonize, Greater	Psion	5
Harmonize, Lesser	Psion	1
Harmonize	Psion	3
Hauntvision	Conduit	1
Heal Injuries	Vitalist	6
Healing Stasis	Vitalist	5
Heartbinding	Psion	2
Heartbinding	Wilder	2
Heartbinding	Tactician	3
Heartbinding	Vitalist	2
Heightened Vision	Cryptic	2
Heightened Vision	Gifted Blade	2
Heightened Vision	Marksman	3
Heightened Vision	Psion	3
Heightened Vision	Psychic Warrior	2
Heightened Vision	Sighted Seeker	2
Heightened Vision	Thug	2
Heightened Vision	Wilder	3
Helping Column	Psion	2
Helping Column	Wilder	2
Hidden Body	Cryptic	4
Hidden Body	Egoist	4
Hidden Body	Thug	4
Hidden Pocket	Cryptic	1
Hidden Pocket	Thug	1
Hidden Pocket	Voyager	1
Hide Psicrystal	Psion	1
Hide Psicrystal	Wilder	1
Hinder	Empath	0
Hinder	Vitalist	0
Hive Control	Psion	4
Hive Control	Wilder	4
Hive Control	Tactician	4
Horrid Fetter	Conduit	5
Horrid Transformation	Conduit	7
Hurl Enemy	Psion	4
Hurl Enemy	Wilder	4
Hurl Enemy	Tactician	4
Hustle	Egoist	3
Hustle	Empath	2
Hustle	Gambler	3
Hustle	Gifted Blade	3
Hustle	Marksman	3
Hustle	Psychic Warrior	2
Hustle	Thug	3
Hustle	Vitalist	3
Hustle	Voyager	3
Hypercognition	Cryptic	6
Hypercognition	Seer	8
Hypercognition	Tactician	8
Hypercognition	Voyager	6
Id Insinuation	Dread	2
Id Insinuation	Empath	2
Id Insinuation	Gambler	2
Id Insinuation	Psion	2
Id Insinuation	Thug	2
Id Insinuation	Wilder	2
Illusory Vein	Cryptic	1
Illusory Vein	Psion	1
Illusory Vein	Wilder	1
Imbue Momentum	Psion	2
Imbue Momentum	Psychic Warrior	2
Imbue Momentum	Wilder	2
Imbue Superdensity	Psion	2
Imbue Superdensity	Psychic Warrior	2
Imbue Superdensity	Wilder	2
Immortalized Essence	All	All classes 7
Immovability	Gifted Blade	4
Immovability	Psychic Warrior	4
Immovability	Vitalist	4
Improved Response	Tactician	3
Improvise	Highlord	2
Improvise	Seer	2
Improvise	Tactician	2
Incarnate (power)	Psion	5
Incarnate (power)	Wilder	5
Incarnate (power)	Tactician	5
Incarnate (power)	Vitalist	5
Incite Passion	Gambler	4
Incite Passion	Psion	4
Incite Passion	Vitalist	4
Incite Passion	Wilder	4
Induce Nightmare	Dread	5
Induce Nightmare	Empath	5
Induce Nightmare	Psion	5
Induce Nightmare	Wilder	5
Induce Pain	Vitalist	0
Inertial Armor	Gambler	1
Inertial Armor	Gifted Blade	1
Inertial Armor	Psion	1
Inertial Armor	Psychic Warrior	1
Inertial Armor	Voyager	1
Inertial Armor	Wilder	1
Inertial Barrier	Gifted Blade	4
Inertial Barrier	Kineticist	4
Inertial Barrier	Marksman	4
Inertial Barrier	Psychic Warrior	4
Inertial Barrier	Vitalist	4
Inevitable Strike, Roshan's	Cryptic	1
Inevitable Strike, Roshan's	Gambler	1
Inevitable Strike, Roshan's	Marksman	1
Inevitable Strike, Roshan's	Psion	1
Inevitable Strike, Roshan's	Psychic Warrior	1
Inevitable Strike, Roshan's	Tactician	1
Inevitable Strike, Roshan's	Thug	1
Inevitable Strike, Roshan's	Voyager	1
Inevitable Strike, Roshan's	Wilder	1
Inflict Pain	Gambler	2
Inflict Pain	Psion	2
Inflict Pain	Wilder	2
Inked Protection	Cryptic	1
Insight of the Dead	Conduit	1
Instill Sentience	Psion	6
Instill Sentience	Vitalist	6
Instill Sentience	Wilder	6
Insubstantial	Dread	2
Insubstantial	Conduit	3
Insurrection	Dread	4
Insurrection	Psion	4
Insurrection	Thug	4
Insurrection	Wilder	4
Intellect Fortress	Psion	4
Intellect Fortress	Wilder	4
Intellect Fortress	Tactician	4
Intentional Amnesia	Psion	3
Intentional Amnesia	Wilder	3
Interference Field	Psion	4
Interference Field	Wilder	4
Interference Field	Psychic Warrior	4
Interference Field	Tactician	4
Inurement	Conduit	8
Inverse Possession	Conduit	4
Involuntary Bodily Function	Psion	1
Involuntary Bodily Function	Vitalist	1
Involuntary Bodily Function	Wilder	1
Jellyfloat	Aquanaut	1
Jellyfloat	Psion	1
Jellyfloat	Psychic Warrior	1
Jellyfloat	Wilder	1
Judge (power)	Empath	0
Judge (power)	Psion	1
Judge (power)	Sighted Seeker	1
Judge (power)	Voyager	1
Judge (power)	Wilder	1
Kinetic Legerdemain	Cryptic	1
Kinetic Legerdemain	Thug	1
Kinetic Legerdemain	Voyager	1
Kinetic Reload	Marksman	2
Knockdown	Marksman	2
Knockdown	Thug	2
Know Direction and Location	Cryptic	1
Know Direction and Location	Psion	1
Know Direction and Location	Sighted Seeker	2
Know Direction and Location	Tactician	1
Know Direction and Location	Thug	1
Know Direction and Location	Voyager	1
Know Direction and Location	Wilder	1
Last Stand	Tactician	9
Latent Programming	Dread	6
Latent Programming	Psion	6
Latent Programming	Wilder	6
Latent Programming	Tactician	6
Latent Programming	Vitalist	6
Leech Field	Psion	5
Leech Field	Wilder	5
Leech Field	Vitalist	5
Lifeless Tongues	Psion	2
Lifeless Tongues	Wilder	2
Lifeseeker	Cryptic	5
Lifeseeker	Dread	5
Lifeseeker	Marksman	4
Lifeseeker	Psychic Warrior	5
Lifeseeker	Psion	5
Lifeseeker	Tactician	5
Lifeseeker	Thug	4
Lifeseeker	Wilder	5
Lift (power)	Cryptic	3
Lift (power)	Psion	3
Lift (power)	Thug	3
Lift (power)	Wilder	3
Lingering Touch	Dread	1
Living Haunter	Dread	3
Living Haunter	Psion	3
Living Haunter	Thug	3
Living Haunter	Wilder	3
Localized Windstorm	Kineticist	3
Localized Windstorm	Marksman	2
Locate Secret Doors	Gambler	1
Locate Secret Doors	Cryptic	1
Locate Secret Doors	Psion	1
Locate Secret Doors	Thug	1
Locate Secret Doors	Voyager	1
Locate Secret Doors	Wilder	1
Lore of the Deceased	Conduit	9
Malefic Metamorphosis	Psion	3
Malefic Metamorphosis	Vitalist	3
Malefic Metamorphosis	Wilder	3
Manifest Veil	All	All classes 5
Mark of the Shroud	Psion	1
Mark of the Shroud	Wilder	1
Mark of the Shroud	Tactician	1
Mark of the Shroud	Vitalist	1
Matter Agitation	Gambler	1
Matter Agitation	Psion	1
Matter Agitation	Wilder	1
Matter Manipulation	Psion	8
Matter Manipulation	Wilder	8
Maximum Perception	Cryptic	2
Maximum Perception	Psion	2
Maximum Perception	Psychic Warrior	2
Maximum Perception	Tactician	2
Maximum Perception	Wilder	2
Memories of Flesh	Psion	1
Memories of Flesh	Wilder	1
Memories of Flesh	Vitalist	1
Memory Modification	Empath	4
Memory Modification	Telepath	4
Memory Revelation	Cryptic	2
Memory Revelation	Dread	2
Memory Revelation	Psion	2
Memory Revelation	Tactician	2
Memory Revelation	Thug	2
Memory Revelation	Vitalist	2
Memory Revelation	Wilder	2
Mend Body	Vitalist	3
Mental Barrier	Dread	3
Mental Barrier	Gambler	3
Mental Barrier	Gifted Blade	3
Mental Barrier	Psion	3
Mental Barrier	Psychic Warrior	3
Mental Barrier	Sighted Seeker	3
Mental Barrier	Thug	3
Mental Barrier	Wilder	3
Mental Contagion	Dread	5
Mental Contagion	Psion	6
Mental Contagion	Wilder	6
Mental Disruption	Dread	2
Mental Disruption	Gambler	2
Mental Disruption	Psion	2
Mental Disruption	Thug	2
Mental Disruption	Wilder	2
Mental Evolution	Cryptic	5
Mental Evolution	Dread	5
Mental Evolution	Psion	5
Mental Evolution	Wilder	5
Mental Evolution	Tactician	5
Mental Evolution	Vitalist	5
Mental Mist	Dread	2
Mental Mist	Psion	2
Mental Mist	Tactician	2
Mental Mist	Thug	2
Mental Mist	Vitalist	2
Mental Mist	Wilder	2
Mental Regression (power)	Cryptic	2
Mental Regression (power)	Dread	2
Mental Regression (power)	Psion	2
Mental Regression (power)	Thug	2
Mental Regression (power)	Wilder	2
Mental Semblance	Cryptic	2
Mental Semblance	Psion	2
Mental Semblance	Thug	2
Mental Semblance	Wilder	2
Metaconcert	Empath	5
Metaconcert	Psychic Warrior	5
Metaconcert	Tactician	5
Metaconcert	Telepath	5
Metafaculty	Seer	9
Metamorphosis, Major	Egoist	6
Metamorphosis, Major	Empath	6
Metamorphosis, Major	Voyager	6
Metamorphosis, Minor	Cryptic	1
Metamorphosis, Minor	Egoist	1
Metamorphosis, Minor	Empath	2
Metamorphosis, Minor	Gambler	2
Metamorphosis, Minor	Psion	2
Metamorphosis, Minor	Thug	1
Metamorphosis, Minor	Voyager	1
Metamorphosis, Minor	Wilder	2
Metamorphosis, True	Egoist	9
Metamorphosis	Egoist	3
Metamorphosis	Empath	3
Metamorphosis	Voyager	3
Metaphysical Claw	Psychic Warrior	1
Metaphysical Weapon	Gifted Blade	1
Metaphysical Weapon	Marksman	1
Metaphysical Weapon	Psychic Warrior	1
Metaphysical Weapon	Thug	1
Metaphysical Weapon	Voyager	1
Microcosm (power)	Psion	9
Microcosm (power)	Wilder	9
Mind Control, Geth's	Telepath	4
Mind Palace	Cryptic	1
Mind Palace	Psion	1
Mind Palace	Thug	1
Mind Palace	Vitalist	1
Mind Palace	Wilder	1
Mind Probe	Gambler	5
Mind Probe	Telepath	5
Mind Seed	Telepath	8
Mind Switch, True	Telepath	9
Mind Switch	Telepath	6
Mind Thrust	Dread	1
Mind Thrust	Empath	1
Mind Thrust	Gambler	1
Mind Thrust	Psion	1
Mind Thrust	Thug	1
Mind Thrust	Wilder	1
Mind Trap	Cryptic	5
Mind Trap	Dread	5
Mind Trap	Psion	5
Mind Trap	Wilder	5
Mind Trap	Tactician	5
Mind over the Immaterial	Dread	3
Mind over the Immaterial	Psion	3
Mind over the Immaterial	Thug	3
Mind over the Immaterial	Wilder	3
Mindhunter	Dread	3
Mindhunter	Psion	3
Mindhunter	Sighted Seeker	3
Mindhunter	Thug	3
Mindhunter	Voyager	3
Mindhunter	Wilder	3
Mindlink, Thieving	Telepath	4
Mindlink	Dread	1
Mindlink	Empath	1
Mindlink	Telepath	1
Mindlink	Thug	1
Mindlink	Voyager	1
Mindscape Generation	Cryptic	2
Mindscape Generation	Dread	2
Mindscape Generation	Psion	2
Mindscape Generation	Tactician	2
Mindscape Generation	Telepath	1
Mindscape Generation	Thug	2
Mindscape Generation	Wilder	2
Mindscape Genesis	Dread	3
Mindscape Genesis	Telepath	3
Mindscape Genesis	Thug	3
Mindscape Invitation	Dread	5
Mindscape Invitation	Telepath	5
Mindscape Invitation	Tactician	5
Mindscape Lens	Cryptic	1
Mindscape Lens	Dread	1
Mindscape Lens	Psion	1
Mindscape Lens	Thug	1
Mindscape Lens	Wilder	1
Mindscape Transcendence	Cryptic	3
Mindscape Transcendence	Dread	3
Mindscape Transcendence	Psion	3
Mindscape Transcendence	Telepath	2
Mindscape Transcendence	Tactician	3
Mindscape Transcendence	Thug	3
Mindscape Transcendence	Vitalist	3
Mindscape Transcendence	Wilder	3
Mindscramble	Gifted Blade	2
Mindwipe	Dread	4
Mindwipe	Empath	4
Mindwipe	Gambler	4
Mindwipe	Psion	4
Mindwipe	Thug	4
Mindwipe	Wilder	4
Mirror Shot	Marksman	4
Missive, Mass	Empath	2
Missive, Mass	Gambler	2
Missive, Mass	Psion	2
Missive, Mass	Tactician	2
Missive, Mass	Wilder	2
Missive	Cryptic	0
Missive	Dread	0
Missive	Empath	0
Missive	Gambler	0
Missive	Psion	0
Missive	Tactician	0
Missive	Thug	0
Missive	Vitalist	0
Missive	Voyager	0
Missive	Wilder	0
Moan of the Sorrowful Dead	Dread	2
Moan of the Sorrowful Dead	Psion	3
Moan of the Sorrowful Dead	Psychic Warrior	3
Moan of the Sorrowful Dead	Thug	2
Moan of the Sorrowful Dead	Wilder	3
Modify Matter, Greater	Shaper	6
Modify Matter	Shaper	4
Moment of Terror	Dread	4
Moment of Terror	Gambler	2
Moment of Terror	Psion	4
Moment of Terror	Thug	4
Moment of Terror	Wilder	4
Morbid Fascination	Cryptic	1
Morbid Fascination	Gifted Blade	1
Morbid Fascination	Psion	1
Morbid Fascination	Thug	1
Morbid Fascination	Psychic Warrior	1
Morbid Fascination	Wilder	1
Mutual Localization	Psion	5
Mutual Localization	Wilder	5
My Light	Cryptic	0
My Light	Dread	0
My Light	Empath	0
My Light	Gambler	0
My Light	Gifted Blade	1
My Light	Marksman	0
My Light	Psion	0
My Light	Wilder	0
My Light	Psychic Warrior	0
My Light	Thug	0
Natural Healing	Egoist	1
Natural Healing	Vitalist	1
Natural Linguist	Cryptic	2
Natural Linguist	Psion	2
Natural Linguist	Thug	2
Natural Linguist	Voyager	2
Natural Linguist	Wilder	2
Null Psionics Field	Gambler	6
Null Psionics Field	Kineticist	6
Numbed Mind	Cryptic	2
Numbed Mind	Dread	2
Numbed Mind	Telepath	2
Numbed Mind	Thug	2
Oak Body	Psion	7
Oak Body	Wilder	7
Oak Body	Psychic Warrior	5
Oak Body	Vitalist	7
Object Possession	Conduit	2
Object Reading (power)	Empath	2
Object Reading (power)	Seer	2
Object Reading (power)	Sighted Seeker	2
Object Reading (power)	Voyager	2
Obsession	Psion	3
Obsession	Wilder	3
Occultation, Myra's	Cryptic	2
Occultation, Myra's	Dread	2
Occultation, Myra's	Psion	3
Occultation, Myra's	Tactician	3
Occultation, Myra's	Thug	2
Occultation, Myra's	Wilder	3
Ocular Crystallization	Cryptic	2
Ocular Crystallization	Psion	2
Ocular Crystallization	Wilder	2
Omnipresence	Highlord	1
Orphic Descent	Conduit	5
Overpowering Guilt	Cryptic	2
Overpowering Guilt	Dread	2
Overpowering Guilt	Psion	2
Overpowering Guilt	Thug	2
Overpowering Guilt	Wilder	2
Painful Strike	Psychic Warrior	2
Parasitic Possession	Cryptic	5
Parasitic Possession	Empath	5
Parasitic Possession	Gambler	5
Payload	Marksman	2
Personality Parasite	Dread	4
Personality Parasite	Gambler	4
Personality Parasite	Psion	4
Personality Parasite	Thug	4
Personality Parasite	Wilder	4
Phantasmagoria	Dread	3
Phantasmagoria	Psion	3
Phantasmagoria	Thug	3
Phantasmagoria	Wilder	3
Phrenic Overload	Dread	6
Phrenic Overload	Telepath	7
Phrenic Overload	Tactician	7
Physical Acceleration	Egoist	3
Physical Acceleration	Empath	3
Physical Acceleration	Gifted Blade	3
Physical Acceleration	Marksman	3
Physical Acceleration	Psychic Warrior	3
Physical Acceleration	Sighted Seeker	4
Physical Acceleration	Thug	3
Physical Acceleration	Vitalist	4
Physical Acceleration	Voyager	3
Physical Rebirth	Psion	4
Physical Rebirth	Vitalist	4
Physical Rebirth	Wilder	4
Pierce the Veils	Cryptic	5
Pierce the Veils	Dread	5
Pierce the Veils	Empath	5
Pierce the Veils	Gambler	5
Pierce the Veils	Marksman	4
Pierce the Veils	Psion	5
Pierce the Veils	Thug	4
Pierce the Veils	Voyager	5
Pierce the Veils	Wilder	5
Pinning Shot	Marksman	2
Planar Travel	Dread	5
Planar Travel	Empath	5
Planar Travel	Gambler	5
Planar Travel	Psion	5
Planar Travel	Voyager	5
Planar Travel	Wilder	5
Power Leech	Dread	4
Power Leech	Gambler	4
Power Leech	Psion	4
Power Leech	Thug	4
Power Leech	Wilder	4
Power Resistance	Psion	5
Power Resistance	Wilder	5
Power Resistance	Tactician	5
Power Resistance	Vitalist	5
Precognition, Defensive	Cryptic	1
Precognition, Defensive	Dread	1
Precognition, Defensive	Empath	1
Precognition, Defensive	Gambler	1
Precognition, Defensive	Gifted Blade	1
Precognition, Defensive	Marksman	1
Precognition, Defensive	Psion	1
Precognition, Defensive	Psychic Warrior	1
Precognition, Defensive	Sighted Seeker	1
Precognition, Defensive	Tactician	1
Precognition, Defensive	Thug	1
Precognition, Defensive	Voyager	1
Precognition, Defensive	Wilder	1
Precognition, Greater	Seer	6
Precognition, Offensive	Cryptic	1
Precognition, Offensive	Dread	1
Precognition, Offensive	Empath	1
Precognition, Offensive	Gambler	1
Precognition, Offensive	Gifted Blade	1
Precognition, Offensive	Marksman	1
Precognition, Offensive	Psion	1
Precognition, Offensive	Psychic Warrior	1
Precognition, Offensive	Sighted Seeker	1
Precognition, Offensive	Thug	1
Precognition, Offensive	Voyager	1
Precognition, Offensive	Wilder	1
Precognition, Tactical	Cryptic	1
Precognition, Tactical	Empath	1
Precognition, Tactical	Gifted Blade	1
Precognition, Tactical	Psychic Warrior	1
Precognition, Tactical	Tactician	1
Precognition, Tactical	Thug	1
Precognition, Tactical	Voyager	1
Precognition	Empath	1
Precognition	Seer	1
Precognition	Sighted Seeker	1
Precognition	Tactician	1
Prescience, Offensive	Cryptic	1
Prescience, Offensive	Dread	1
Prescience, Offensive	Empath	1
Prescience, Offensive	Gifted Blade	1
Prescience, Offensive	Marksman	1
Prescience, Offensive	Psion	1
Prescience, Offensive	Psychic Warrior	1
Prescience, Offensive	Sighted Seeker	1
Prescience, Offensive	Thug	1
Prescience, Offensive	Voyager	1
Prescience, Offensive	Wilder	1
Preserve Psyche	Vitalist	2
Prevenom Weapon	Gifted Blade	1
Prevenom Weapon	Marksman	1
Prevenom Weapon	Psychic Warrior	1
Prevenom Weapon	Sighted Seeker	1
Prevenom	Psychic Warrior	1
Prophetic Song, Euterpe's	Psion	1
Prophetic Song, Euterpe's	Wilder	1
Prophetic Song, Euterpe's	Tactician	1
Prowess as One	Empath	5
Prowess as One	Tactician	5
Prowess	Gifted Blade	2
Prowess	Psychic Warrior	2
Prowess	Sighted Seeker	2
Proximity Strike	Psychic Warrior	2
Proximity Strike	Voyager	2
Psionic Blast, Quas'thelin's	Gambler	3
Psionic Blast, Quas'thelin's	Psion	3
Psionic Blast, Quas'thelin's	Wilder	3
Psionic Effigy	Shaper	7
Psionic Howl, Melpomene's	Psion	2
Psionic Howl, Melpomene's	Wilder	2
Psionic Lion's Charge	Empath	3
Psionic Lion's Charge	Gifted Blade	3
Psionic Lion's Charge	Psychic Warrior	2
Psionic Lock	Gambler	2
Psionic Lock	Psion	2
Psionic Lock	Voyager	2
Psionic Lock	Wilder	2
Psionic Repair	Cryptic	0
Psionic Repair	Empath	0
Psionic Repair	Gambler	0
Psionic Repair	Psion	0
Psionic Repair	Thug	0
Psionic Repair	Voyager	0
Psionic Repair	Wilder	0
Psionic Revivify	Egoist	5
Psionic Revivify	Empath	5
Psionic Revivify	Vitalist	5
Psionic Scent	Cryptic	2
Psionic Scent	Gifted Blade	2
Psionic Scent	Marksman	2
Psionic Scent	Psychic Warrior	2
Psionic Scent	Thug	2
Psychic Bodyguard	Gambler	2
Psychic Bodyguard	Psion	2
Psychic Bodyguard	Tactician	2
Psychic Bodyguard	Vitalist	2
Psychic Bodyguard	Wilder	2
Psychic Chirurgery	Telepath	9
Psychic Chirurgery	Vitalist	9
Psychic Crush	Dread	5
Psychic Crush	Gambler	5
Psychic Crush	Psion	5
Psychic Crush	Voyager	5
Psychic Crush	Wilder	5
Psychic Drain	Egoist	4
Psychic Drain	Psychic Warrior	4
Psychic Drain	Vitalist	4
Psychic Interference	Tactician	2
Psychic Reformation	Empath	4
Psychic Reformation	Gifted Blade	4
Psychic Reformation	Psion	4
Psychic Reformation	Tactician	4
Psychic Reformation	Vitalist	4
Psychic Reformation	Wilder	4
Psychic Tracking	Seer	1
Psychic Tracking	Sighted Seeker	1
Psychic Tracking	Thug	1
Psychic Tracking	Voyager	1
Psychofeedback	Egoist	5
Psychofeedback	Psychic Warrior	5
Psychofeedback	Vitalist	5
Psychokinetic Cannon	Marksman	1
Psychokinetic Charge	Empath	4
Psychokinetic Charge	Gambler	4
Psychokinetic Charge	Psion	4
Psychokinetic Charge	Tactician	4
Psychokinetic Charge	Wilder	4
Psychokinetic Sphere	Kineticist	8
Psychoport Trigger	Nomad	5
Psychoport Trigger	Voyager	5
Psychoport, Greater	Psion	8
Psychoport, Greater	Wilder	8
Psychoport	Gambler	6
Psychoport	Nomad	5
Psychoport	Voyager	5
Psychoportation Circle	Nomad	9
Psychosis	Psion	7
Psychosis	Wilder	7
Pummelling Barrage	Cryptic	2
Pummelling Barrage	Psion	2
Pummelling Barrage	Thug	2
Pummelling Barrage	Wilder	2
Quicken Rejuvenation	Conduit	3
Quicken Rejuvenation	Vitalist	3
Quintessence	Empath	4
Quintessence	Shaper	4
Raise the Shroud	Psion	4
Raise the Shroud	Wilder	4
Raise the Shroud	Tactician	4
Ray of Pain	Psion	2
Ray of Pain	Psychic Warrior	2
Ray of Pain	Wilder	2
Read Thoughts	Gambler	2
Read Thoughts	Telepath	2
Read Thoughts	Tactician	2
Read Thoughts	Voyager	2
Reality Revision	Psion	9
Reality Revision	Wilder	9
Reality Revision	Tactician	9
Reality Revision	Vitalist	9
Recall Agony	Gambler	2
Recall Agony	Psion	2
Recall Agony	Sighted Seeker	2
Recall Agony	Voyager	2
Recall Agony	Wilder	2
Recall Death	Psion	8
Recall Death	Wilder	8
Reconstruction	Shaper	2
Reddopsi	Kineticist	7
Regenerative Aura	Egoist	9
Regenerative Aura	Vitalist	9
Reject Essence	All	All classes 1
Relapse	Cryptic	4
Relapse	Dread	4
Relapse	Psion	4
Relapse	Psychic Warrior	4
Relapse	Tactician	4
Relapse	Thug	4
Relapse	Vitalist	4
Relapse	Wilder	4
Relative Absence	Cryptic	5
Relative Absence	Psion	5
Relative Absence	Psychic Warrior	5
Relative Absence	Wilder	5
Release Death's Hold	Empath	3
Release Death's Hold	Psion	3
Release Death's Hold	Wilder	3
Remote View Trap	Gambler	6
Remote View Trap	Psion	6
Remote View Trap	Wilder	6
Remote Viewing	Empath	4
Remote Viewing	Seer	4
Remote Viewing	Sighted Seeker	4
Remote Viewing	Voyager	4
Rending Force	Psion	5
Rending Force	Wilder	5
Rending the Veil	Conduit	9
Reposition	Nomad	6
Reposition	Tactician	6
Reposition	Voyager	6
Repositioning Strike	Psychic Warrior	2
Repositioning Strike	Voyager	2
Resist Death	Egoist	4
Resist Death	Vitalist	3
Resist Toxin	Cryptic	2
Resist Toxin	Egoist	2
Resist Toxin	Psychic Warrior	2
Resist Toxin	Thug	2
Resist Toxin	Vitalist	2
Respite of Sanity	Psion	3
Respite of Sanity	Wilder	3
Respite of Sanity	Tactician	3
Respite of Sanity	Vitalist	3
Resting with the Fallen	Conduit	3
Resting with the Fallen	Cryptic	3
Resting with the Fallen	Tactician	3
Resting with the Fallen	Thug	3
Restore Essence	All	All classes 1
Restore Extremity	Egoist	5
Restore Extremity	Vitalist	5
Retarget Power	Cryptic	5
Retarget Power	Psion	8
Retarget Power	Vitalist	8
Retarget Power	Wilder	8
Retrieve, Nimar's	Cryptic	5
Retrieve, Nimar's	Psion	6
Retrieve, Nimar's	Voyager	5
Retrieve, Nimar's	Wilder	6
Reveal Answer	Cryptic	3
Reveal Answer	Psion	3
Reveal Answer	Wilder	3
Rewind Age	Psion	4
Rewind Age	Vitalist	4
Rewind Age	Wilder	4
Riding the Shell	Cryptic	5
Riding the Shell	Psion	5
Riding the Shell	Wilder	5
Sanguine Displacement	Dread	3
Sanguine Displacement	Psion	3
Sanguine Displacement	Thug	3
Sanguine Displacement	Vitalist	3
Sanguine Displacement	Wilder	3
Scales of Damnation	Gifted Blade	4
Scales of Damnation	Conduit	4
Scales of Damnation	Psychic Warrior	4
Scales of Damnation	Tactician	4
Schism	Dread	5
Schism	Telepath	4
Seance	Conduit	1
Seance	Tactician	1
Second Chance (power)	Seer	5
Second Chance (power)	Voyager	5
Selective Hearing	Cryptic	2
Selective Hearing	Psion	2
Selective Hearing	Thug	2
Selective Hearing	Wilder	2
Selective Negation Field	Cryptic	6
Self Control (power)	Cryptic	0
Self Control (power)	Psion	0
Self Control (power)	Psychic Warrior	0
Self Control (power)	Tactician	0
Self Control (power)	Wilder	0
Sense Link	Gambler	1
Sense Link	Psion	1
Sense Link	Tactician	1
Sense Link	Vitalist	1
Sense Link	Voyager	1
Sense Link	Wilder	1
Sense Minds	Marksman	1
Sense Minds	Telepath	2
Sense Minds	Thug	1
Sense Poison	Empath	0
Sense Poison	Psion	0
Sense Poison	Psychic Warrior	0
Sense Poison	Vitalist	0
Sense Poison	Wilder	0
Sense as One	Empath	4
Sense as One	Tactician	4
Sensitivity to Psychic Impressions	Empath	2
Sensitivity to Psychic Impressions	Seer	2
Sensitivity to Psychic Impressions	Sighted Seeker	2
Sensitivity to Psychic Impressions	Voyager	2
Sensory Cascade	Empath	4
Sensory Cascade	Dread	4
Sensory Cascade	Psion	4
Sensory Cascade	Thug	4
Sensory Cascade	Wilder	4
Sever the Strand	Conduit	7
Shade Venom	Cryptic	3
Shade Venom	Gifted Blade	3
Shade Venom	Psion	3
Shade Venom	Psychic Warrior	3
Shade Venom	Thug	3
Shade Venom	Wilder	3
Shadow Body	Psion	8
Shadow Body	Wilder	8
Shaken the Mortal Coil	Psion	8
Shaken the Mortal Coil	Wilder	8
Shape the Shade	Cryptic	2
Shape the Shade	Psion	2
Shape the Shade	Thug	2
Shape the Shade	Wilder	2
Share Pain, Forced	Empath	3
Share Pain, Forced	Gambler	3
Share Pain, Forced	Psion	3
Share Pain, Forced	Tactician	3
Share Pain, Forced	Vitalist	3
Share Pain, Forced	Wilder	3
Share Pain	Empath	2
Share Pain	Gambler	2
Share Pain	Marksman	2
Share Pain	Psion	2
Share Pain	Wilder	2
Share Pain	Tactician	2
Share Pain	Vitalist	2
Sharpened Edge	Cryptic	3
Sharpened Edge	Gifted Blade	3
Sharpened Edge	Marksman	4
Sharpened Edge	Psion	3
Sharpened Edge	Psychic Warrior	3
Sharpened Edge	Thug	3
Sharpened Edge	Wilder	3
Shatter Mind Blank	Empath	5
Shatter Mind Blank	Gambler	5
Shatter Mind Blank	Psion	5
Shatter Mind Blank	Wilder	5
Shield Wall, Krakatal's	Psychic Warrior	1
Shift the Tide	Tactician	4
Shift the Tide	Voyager	4
Shocking Strike	Psychic Warrior	2
Shrapnel Burst	Gambler	5
Shrapnel Burst	Psion	5
Shrapnel Burst	Psychic Warrior	4
Shrapnel Burst	Wilder	5
Shroudsight	Psion	1
Shroudsight	Wilder	1
Shroudsight	Vitalist	1
Shunning of the Material	Empath	1
Shunning of the Material	Psion	1
Shunning of the Material	Wilder	1
Sicken Body	Vitalist	0
Sidestep	Dread	2
Sidestep	Empath	2
Sidestep	Marksman	2
Sidestep	Psychic Warrior	2
Sidestep	Thug	2
Sidestep	Voyager	2
Skate	Empath	1
Skate	Gambler	1
Skate	Gifted Blade	1
Skate	Psion	1
Skate	Psychic Warrior	1
Skate	Voyager	1
Skate	Wilder	1
Skills as One	Empath	1
Skills as One	Tactician	1
Slip the Bonds	Cryptic	4
Slip the Bonds	Gambler	4
Slip the Bonds	Gifted Blade	4
Slip the Bonds	Marksman	4
Slip the Bonds	Psion	4
Slip the Bonds	Psychic Warrior	4
Slip the Bonds	Tactician	4
Slip the Bonds	Thug	4
Slip the Bonds	Voyager	4
Slip the Bonds	Wilder	4
Slumber	Dread	1
Slumber	Gambler	1
Slumber	Psion	1
Slumber	Thug	1
Slumber	Wilder	1
Solicit Psicrystal	Gambler	3
Solicit Psicrystal	Psion	3
Solicit Psicrystal	Tactician	3
Solicit Psicrystal	Vitalist	3
Solicit Psicrystal	Wilder	3
Sonic Blast	Marksman	2
Sonic Blast	Psychic Warrior	2
Sonic Blast	Thug	2
Sonic Blast	Voyager	2
Soul Chorus	Conduit	7
Soul Chorus	Tactician	7
Soul Chorus	Vitalist	7
Soul Exchange	Psion	5
Soul Exchange	Wilder	5
Soul Exchange	Vitalist	5
Soul Feast (power)	Dread	5
Soul Feast (power)	Psion	5
Soul Feast (power)	Wilder	5
Soul Stealing	Psion	7
Soul Stealing	Wilder	7
Spacial Displacement	Psion	6
Spacial Displacement	Wilder	6
Spacial Displacement	Tactician	6
Spasm	Cryptic	3
Spasm	Dread	3
Spasm	Psion	3
Spasm	Thug	3
Spasm	Wilder	3
Spectral Charge	Psychic Warrior	3
Spectral Stare	Psion	4
Spectral Stare	Wilder	4
Spiritual Contingency	Conduit	7
Spiritual Lordship	Dread	4
Spiritual Lordship	Psion	4
Spiritual Lordship	Thug	4
Spiritual Lordship	Wilder	4
Spiritual Resting Place	Psion	3
Spiritual Resting Place	Wilder	3
Spiritual Resting Place	Tactician	3
Spray (power)	Marksman	3
Steadfast Perception	Cryptic	4
Steadfast Perception	Empath	5
Steadfast Perception	Gifted Blade	4
Steadfast Perception	Marksman	4
Steadfast Perception	Psychic Warrior	4
Steadfast Perception	Sighted Seeker	4
Steadfast Perception	Thug	4
Steadfast Perception	Voyager	4
Steal Animus	Gifted Blade	2
Steal Animus	Highlord	2
Steal Animus	Psion	2
Steal Animus	Psychic Warrior	2
Steal Animus	Tactician	2
Steal Animus	Wilder	2
Steal Language	Cryptic	1
Steal Language	Psion	1
Steal Language	Thug	1
Steal Language	Wilder	1
Stomp	Gambler	1
Stomp	Psychic Warrior	1
Strength of My Enemy	Dread	2
Strength of My Enemy	Psychic Warrior	2
Strength of My Enemy	Tactician	2
Strength of My Enemy	Thug	4
Strike as One	Tactician	3
Subconscious Banishment	Dread	2
Subconscious Banishment	Thug	2
Summoning Strike	Empath	5
Summoning Strike	Gambler	5
Summoning Strike	Psychic Warrior	5
Summoning Strike	Voyager	5
Sunder Investment	All	All classes 1
Suppress Compulsion	Telepath	1
Suppress Compulsion	Vitalist	1
Suppress Instinct	Cryptic	2
Suppress Instinct	Psion	2
Suppress Instinct	Thug	2
Suppress Instinct	Vitalist	2
Suppress Instinct	Wilder	2
Suppress Veil	All	All classes 2
Suppression Link	Highlord	1
Survivor’s Deadly Revenge	Dread	6
Survivor’s Deadly Revenge	Psion	6
Survivor’s Deadly Revenge	Wilder	6
Susceptible Mind	Cryptic	2
Susceptible Mind	Dread	2
Susceptible Mind	Telepath	2
Susceptible Mind	Thug	2
Suspend Life	Gambler	6
Suspend Life	Psion	6
Suspend Life	Psychic Warrior	6
Suspend Life	Vitalist	6
Suspend Life	Wilder	6
Suspend Psionics	Cryptic	2
Suspend Psionics	Psion	2
Suspend Psionics	Tactician	2
Suspend Psionics	Thug	2
Suspend Psionics	Wilder	2
Sustained Flight	Empath	6
Sustained Flight	Gambler	6
Sustained Flight	Psion	6
Sustained Flight	Wilder	6
Sustenance	Dread	2
Sustenance	Empath	2
Sustenance	Gambler	2
Sustenance	Gifted Blade	2
Sustenance	Marksman	2
Sustenance	Psion	2
Sustenance	Psychic Warrior	2
Sustenance	Tactician	2
Sustenance	Thug	2
Sustenance	Vitalist	2
Sustenance	Wilder	2
Swarm of Crystals	Gambler	2
Swarm of Crystals	Psion	2
Swarm of Crystals	Wilder	2
Sympathetic Drain	Psion	2
Sympathetic Drain	Wilder	2
Sympathetic Drain	Vitalist	2
Synesthete	Empath	1
Synesthete	Gambler	1
Synesthete	Gifted Blade	1
Synesthete	Psion	1
Synesthete	Wilder	1
Synesthete	Psychic Warrior	1
Synesthete	Vitalist	1
Tactical Connection	Psion	3
Tactical Connection	Tactician	3
Tactical Connection	Wilder	3
Tactical Suppression	Cryptic	3
Tactical Suppression	Dread	3
Tactical Suppression	Psion	3
Tactical Suppression	Wilder	3
Tactical Suppression	Psychic Warrior	3
Tactical Suppression	Tactician	3
Tactical Suppression	Vitalist	3
Tactile Telekinesis	Gifted Blade	4
Tactile Telekinesis	Psychic Warrior	4
Technique as One	Empath	6
Technique as One	Tactician	7
Telekinetic Barrier	Highlord	3
Telekinetic Barrier	Kineticist	3
Telekinetic Barrier	Psychic Warrior	3
Telekinetic Barrier	Tactician	4
Telekinetic Bola	Highlord	2
Telekinetic Bola	Kineticist	2
Telekinetic Bola	Psychic Warrior	2
Telekinetic Force	Gambler	3
Telekinetic Force	Psion	3
Telekinetic Force	Wilder	3
Telekinetic Maneuver (power)	Gambler	4
Telekinetic Maneuver (power)	Psion	4
Telekinetic Maneuver (power)	Wilder	4
Telekinetic Punch	Cryptic	0
Telekinetic Punch	Dread	0
Telekinetic Punch	Empath	0
Telekinetic Punch	Gambler	0
Telekinetic Punch	Marksman	0
Telekinetic Punch	Psion	0
Telekinetic Punch	Wilder	0
Telekinetic Punch	Psychic Warrior	0
Telekinetic Punch	Thug	0
Telempathic Projection	Psion	1
Telempathic Projection	Wilder	1
Telepathic Lash	Dread	0
Telepathic Lash	Gambler	0
Telepathic Lash	Psion	0
Telepathic Lash	Tactician	0
Telepathic Lash	Thug	0
Telepathic Lash	Voyager	0
Telepathic Lash	Wilder	0
Telepathic Senses	Psion	5
Telepathic Senses	Wilder	5
Temporal Acceleration, Willian's	Dread	6
Temporal Acceleration, Willian's	Empath	6
Temporal Acceleration, Willian's	Psion	6
Temporal Acceleration, Willian's	Voyager	6
Temporal Acceleration, Willian's	Wilder	6
Temporary Awakening	Psion	4
Temporary Awakening	Vitalist	4
Temporary Awakening	Wilder	4
Temporary Blindness	Cryptic	1
Temporary Blindness	Dread	1
Temporary Blindness	Psion	1
Temporary Blindness	Thug	1
Temporary Blindness	Wilder	1
Thicken Skin	Gifted Blade	1
Thicken Skin	Egoist	1
Thicken Skin	Psychic Warrior	1
Thicken Skin	Vitalist	1
Thought Shield	Dread	2
Thought Shield	Gifted Blade	2
Thought Shield	Psion	2
Thought Shield	Psychic Warrior	2
Thought Shield	Tactician	2
Thought Shield	Thug	2
Thought Shield	Wilder	2
Thundering Step	Psychic Warrior	4
Thundering Step	Voyager	4
Time Hop, Mass	Nomad	8
Time Hop	Empath	2
Time Hop	Gambler	3
Time Hop	Psion	3
Time Hop	Voyager	3
Time Hop	Wilder	3
Time Regression	Nomad	9
Timeless Body	Psion	9
Timeless Body	Wilder	9
Timeless Body	Tactician	9
Timeless Body	Vitalist	9
Timestepped Form	Psion	9
Timestepped Form	Wilder	9
Tormenting the Dead	Gifted Blade	3
Tormenting the Dead	Psion	3
Tormenting the Dead	Wilder	3
Tormenting the Dead	Psychic Warrior	3
Tormenting the Living	Psion	2
Tormenting the Living	Wilder	2
Tormenting the Living	Vitalist	2
Tornado Blast, Willian's	Kineticist	9
Tortured Visions	Dread	4
Tortured Visions	Psion	5
Tortured Visions	Wilder	5
Touchsight	Empath	3
Touchsight	Gambler	3
Touchsight	Marksman	3
Touchsight	Psion	3
Touchsight	Thug	3
Touchsight	Voyager	3
Touchsight	Wilder	3
Toughen	Empath	0
Toughen	Guardian	0
Tower of Iron Will	Psion	5
Tower of Iron Will	Wilder	5
Tower of Iron Will	Tactician	5
Tower of Iron Will	Vitalist	5
Trace Psychoport	Gambler	4
Trace Psychoport	Psion	4
Trace Psychoport	Voyager	4
Trace Psychoport	Wilder	4
Trace Psychoport	Sighted Seeker	4
Transfer Animus	Gifted Blade	1
Transfer Animus	Psion	1
Transfer Animus	Psychic Warrior	1
Transfer Animus	Tactician	1
Transfer Animus	Wilder	1
Trick Shot	Marksman	0
Trick Shot	Thug	0
Trigger Power (power)	Gambler	6
Trigger Power (power)	Psion	6
Trigger Power (power)	Tactician	6
Trigger Power (power)	Vitalist	6
Trigger Power (power)	Voyager	6
Trigger Power (power)	Wilder	6
True Awakening	Psion	6
True Awakening	Vitalist	6
True Awakening	Wilder	6
True Creation	Shaper	9
True Metabolism	Psion	8
True Metabolism	Wilder	8
True Metabolism	Vitalist	8
True Terror	Dread	2
True Terror	Seer	2
True Terror	Thug	2
Truevenom Weapon	Gifted Blade	4
Truevenom Weapon	Marksman	4
Truevenom Weapon	Psychic Warrior	4
Truevenom Weapon	Thug	4
Truevenom	Psychic Warrior	4
Twitch	Cryptic	2
Twitch	Dread	2
Twitch	Psion	2
Twitch	Thug	2
Twitch	Wilder	2
Ubiquitous Vision	Cryptic	3
Ubiquitous Vision	Empath	3
Ubiquitous Vision	Gambler	3
Ubiquitous Vision	Gifted Blade	3
Ubiquitous Vision	Marksman	3
Ubiquitous Vision	Psion	3
Ubiquitous Vision	Psychic Warrior	3
Ubiquitous Vision	Sighted Seeker	3
Ubiquitous Vision	Thug	3
Ubiquitous Vision	Voyager	3
Ubiquitous Vision	Wilder	3
Ultrablast	Psion	7
Ultrablast	Wilder	7
Underwater Air	Psion	3
Underwater Air	Wilder	3
Underwater Air	Tactician	3
Unearthly Terror	Dread	0
Unearthly Terror	Gambler	0
Unearthly Terror	Psion	0
Unearthly Terror	Tactician	0
Unearthly Terror	Thug	0
Unearthly Terror	Wilder	0
Unique Message	Psion	5
Unique Message	Wilder	5
Unnatural Aura	Dread	1
Unnatural Aura	Psion	1
Unnatural Aura	Thug	1
Unnatural Aura	Wilder	1
Unravel Psionics	Psion	9
Unravel Psionics	Wilder	9
Untouchable Aura	Dread	1
Untouchable Aura	Thug	1
Upheaval	Gambler	5
Upheaval	Psion	5
Upheaval	Psychic Warrior	6
Upheaval	Tactician	5
Upheaval	Wilder	5
Uplift	Cryptic	2
Uplift	Thug	2
Vacuum Ball	Cryptic	3
Vacuum Ball	Dread	3
Vacuum Ball	Psion	4
Vacuum Ball	Thug	3
Vacuum Ball	Wilder	4
Vampiric Blade	Gifted Blade	3
Vampiric Blade	Psychic Warrior	3
Vampiric Blade	Voyager	3
Vanishing Strike	Cryptic	4
Vanishing Strike	Psychic Warrior	4
Vanishing Strike	Thug	4
Vanishing Strike	Voyager	4
Vascular Disruption, Kyria's	Cryptic	5
Vascular Disruption, Kyria's	Dread	5
Vascular Disruption, Kyria's	Psion	6
Vascular Disruption, Kyria's	Wilder	6
Veil Magnification	All	All classes 1
Veil Restoration	All	All classes 1
Vestigial Servitor	Conduit	7
Vigor (power)	Cryptic	1
Vigor (power)	Empath	1
Vigor (power)	Gambler	1
Vigor (power)	Gifted Blade	1
Vigor (power)	Marksman	1
Vigor (power)	Psion	1
Vigor (power)	Psychic Warrior	1
Vigor (power)	Thug	1
Vigor (power)	Vitalist	1
Vigor (power)	Wilder	1
Vim	Cryptic	0
Vim	Dread	0
Vim	Empath	0
Vim	Gambler	0
Vim	Psion	0
Vim	Psychic Warrior	0
Vim	Thug	0
Vim	Vitalist	0
Vim	Wilder	0
Violate Identity	Telepath	8
Vocal Crystal	Psion	1
Vocal Crystal	Wilder	1
Vocal Crystal	Tactician	1
Volatile Rejection	Psion	3
Volatile Rejection	Wilder	3
Volatile Rejection	Vitalist	3
Wall Walker (power)	Cryptic	2
Wall Walker (power)	Gifted Blade	2
Wall Walker (power)	Marksman	2
Wall Walker (power)	Psychic Warrior	2
Wall Walker (power)	Thug	2
Wall Walker (power)	Voyager	2
Wall of Ectoplasm	Gambler	2
Wall of Ectoplasm	Psion	4
Wall of Ectoplasm	Tactician	4
Wall of Ectoplasm	Wilder	4
Ward the Mind	Psion	1
Ward the Mind	Wilder	1
Ward the Mind	Tactician	1
Wardrobe Malfunction	Highlord	2
Wardrobe Malfunction	Kineticist	2
Wardrobe Malfunction	Tactician	2
Waters of Lethe	Psion	4
Waters of Lethe	Wilder	4
Weapon of Energy	Gifted Blade	4
Weapon of Energy	Psychic Warrior	4
Wind Strike	Marksman	2
Windtunnel	Marksman	2
Wintry Grasp	Gambler	2
Wintry Grasp	Psychic Warrior	2
Wither	Gambler	4
Wither	Psion	4
Wither	Vitalist	4
Wither	Wilder	4
Withstand as One	Empath	3
Withstand as One	Tactician	3
Wrench	Nomad	4
Wrench	Voyager	4
Zealous Fury, Zelladariath's	Marksman	4
Zealous Fury, Zelladariath's	Psychic Warrior	4
Zealous Fury, Zelladariath's	Thug	4
